
select retrieval_reference, count(bpr_log_id) from cos_bpr_data where institution_number = '00000114' and retrieval_reference in (
'ALTOOV000001', 'ALTOOV000002', '207160729788'
)
group by retrieval_reference;

delete from cos_bpr_log where bpr_log_id in (
select bpr_log_id from cos_bpr_data where institution_number = '00000114' and retrieval_reference in (
'ALTOOV000001', 'ALTOOV000002', '207160729788'
) )
;


delete from cos_bpr_data where institution_number = '00000114' and retrieval_reference in (
'ALTOOV000001', 'ALTOOV000002', '207160729788'
)
;
commit;




INSERT INTO COS_BPR_DATA (BPR_LOG_ID, RECORD_DATE, BW3_RECORD_DATE, BW3_RECORD_TIME, BPR_TYPE_NAME, TRANSACTION_ID_OLD, TRANSACTION_LINK_ID_OLD, INSTITUTION_NUMBER, MESSAGE_TYPE, TRANSACTION_DATE, TRANSMISSION_DATE, RETRIEVAL_REFERENCE, STAN, ACQUIRING_INST_ID, FORWARDING_INST_ID, TRANSACTION_STATUS, NETWORK_ID, BATCH_ID, CARD_NUMBER, EXPIRY_DATE, PROCESS_CODE, MCC_CODE, TRACK_2_DATA, TERMINAL_ID, RESPONSE_CODE, RESPONSE_DATA, AUTH_CODE, BILLING_CURRENCY, BILLING_AMOUNT, SETTLEMENT_CURRENCY, SETTLEMENT_AMOUNT, REQUESTED_CURRENCY, REQUESTED_AMOUNT, SETTLEMENT_RATE, SETTLEMENT_DATE, SETTLEMENT_RATE_DATE, SETTLEMENT_FEE, PROCESSING_FEE, POS_ENTRY, POS_DATA, INF_DATA, ORIGINAL_DATA, REPLACEMENT_AMOUNT, REASON_CODE, MERCHANT_ID, MERCHANT_NAME, ECOM_SECURITY_LEVEL, CVC_INVALID, LOCKING_COUNTER, CASHBACK_AMOUNT, EXTERNAL_REF, TRANSACTION_ID, TRANSACTION_LINK_ID, HOSTNAME) VALUES (114000001, to_timestamp(to_char(sysdate-1,'YYYYMMDD'),'YYYYMMDD'), to_char(sysdate-1,'YYYYMMDD'), '00:00:00', 'BPR_HST_ISS', 114000001, 114000001, '00000114', '0200', to_date(to_char(sysdate-1,'YYYYMMDD'),'YYYYMMDD'), to_date(to_char(sysdate-1,'YYYYMMDD'),'YYYYMMDD'), 'ALTOOV000001', '000001', '00000000114', '00000000114', '999', null, null, '4003780001234562', '3012', '000000', '7011', null, '98888915', null, null, null, null, null, '360', '', '360', '1000.0', null, null, null, null, null, '012', '08', '00DE52:N/DE48.43:Y/DE52:N/', null, null, null, '900000098888915', 'HST_7011_360_F_001_KE                 ID', null, null, null, '', null, '00000114-TOOV000001-114000001', '00000114-TOOV000001-114000001', '67a7493caf3d');
INSERT INTO COS_BPR_LOG (BPR_LOG_ID, RECORD_DATE, MESSAGE_DATA, LOCKING_COUNTER, MSG_DATA_JSON, TRANSACTION_LINK_ID) VALUES (114000001, to_timestamp(to_char(sysdate-1,'YYYYMMDD'),'YYYYMMDD'), null, null, utl_raw.cast_to_raw('{"hdr": {"src": "ADT_HST_ISSs-3.eu-west-1/1", "dst": "BPR_HST_ISSs-3.eu-west-1/1", "agt": "", "type": 6, "ttl": 2, "rte": 5, "sts": 4, "size": 304, "flds": 90, "max_time": 10, "id": "00000114-TOOV000001-114000001", "dt": {"s": 1603447120, "us": 496702}, "tx_dt": {"s": 0, "us": 0}, "trn_id": "00000762229919433593", "lnk_id": "00000114-TOOV000001-114000001", "flgs": 8, "usr_flgs": 0, "tmo": 0}, "msg": {"mti": "0200", "sig": "GEN00STD00HST00", "crd": {"pan": "4342560000000010", "exp": "2112", "trk2": "                                "}, "type": "01", "fr_idx": "00", "to_idx": "00", "fin": {"amt": "000000010000", "ccy": "360"}, "tx_dt": "1010095446", "stan": "000001", "time": "115446", "date": "1010", "merc": {"mcc": "7011", "id": "900000098888915", "name": "HST_7011_360_F_001_KE                 ID", "city": "BUNIT CITY   ", "ctry": "ID"}, "pos": {"pan_in": "01", "pin_cap": "2", "cond": "08", "id": "98888915", "dat": "50000000"}, "aq_id": "00000006", "rrn": "ALTOOV000001", "ecom": {"sec": ""}, "hst": {"hdr": {"dat": "00000000303030310500"}}}}'), '00000114-TOOV000001-114000001');
INSERT INTO COS_BPR_DATA (BPR_LOG_ID, RECORD_DATE, BW3_RECORD_DATE, BW3_RECORD_TIME, BPR_TYPE_NAME, TRANSACTION_ID_OLD, TRANSACTION_LINK_ID_OLD, INSTITUTION_NUMBER, MESSAGE_TYPE, TRANSACTION_DATE, TRANSMISSION_DATE, RETRIEVAL_REFERENCE, STAN, ACQUIRING_INST_ID, FORWARDING_INST_ID, TRANSACTION_STATUS, NETWORK_ID, BATCH_ID, CARD_NUMBER, EXPIRY_DATE, PROCESS_CODE, MCC_CODE, TRACK_2_DATA, TERMINAL_ID, RESPONSE_CODE, RESPONSE_DATA, AUTH_CODE, BILLING_CURRENCY, BILLING_AMOUNT, SETTLEMENT_CURRENCY, SETTLEMENT_AMOUNT, REQUESTED_CURRENCY, REQUESTED_AMOUNT, SETTLEMENT_RATE, SETTLEMENT_DATE, SETTLEMENT_RATE_DATE, SETTLEMENT_FEE, PROCESSING_FEE, POS_ENTRY, POS_DATA, INF_DATA, ORIGINAL_DATA, REPLACEMENT_AMOUNT, REASON_CODE, MERCHANT_ID, MERCHANT_NAME, ECOM_SECURITY_LEVEL, CVC_INVALID, LOCKING_COUNTER, CASHBACK_AMOUNT, EXTERNAL_REF, TRANSACTION_ID, TRANSACTION_LINK_ID, HOSTNAME) VALUES (114000002, to_timestamp(to_char(sysdate-1,'YYYYMMDD'),'YYYYMMDD'), to_char(sysdate-1,'YYYYMMDD'), '00:00:00', 'BPR_VISA_ALTO_ACQ', 114000002, 114000001, '00000114', '0220', to_date(to_char(sysdate-1,'YYYYMMDD'),'YYYYMMDD'), to_date(to_char(sysdate-1,'YYYYMMDD'),'YYYYMMDD'), 'ALTOOV000001', '000002', '00000464694', '00000464694', '999', null, null, '4003780001234562', '3012', '000000', '7011', null, '98888915', null, null, null, null, null, '360', '', '360', '1000.0', null, null, null, null, null, '012', '09000000001', '00DE25:08/DE44.10:M/DE52:N/DE126.10:Y/', null, null, null, '900000098888915', 'HST_7011_360_F_001_KE                 ID', null, null, null, '', null, '00000114-TOOV000001-114000002', '00000114-TOOV000001-114000001', '67a7493caf3d');
INSERT INTO COS_BPR_LOG (BPR_LOG_ID, RECORD_DATE, MESSAGE_DATA, LOCKING_COUNTER, MSG_DATA_JSON, TRANSACTION_LINK_ID) VALUES (114000002, to_timestamp(to_char(sysdate-1,'YYYYMMDD'),'YYYYMMDD'), null, null, utl_raw.cast_to_raw('{"hdr": {"src": "BPR_VISA_ALTO_ACQs-3.eu-west-1/1", "dst": "ADT_VISA_ALTO_ACQ", "agt": "", "type": 6, "ttl": 2, "rte": 5, "sts": 4, "size": 304, "flds": 90, "max_time": 10, "id": "00000114-TOOV000001-114000002", "dt": {"s": 1603447120, "us": 496702}, "tx_dt": {"s": 0, "us": 0}, "trn_id": "00000114-TOOV000001-114000001", "lnk_id": "00000114-TOOV000001-114000001", "flgs": 8, "usr_flgs": 0, "tmo": 0}, "msg": {"mti": "0200", "sig": "GEN00STD00HST00", "crd": {"pan": "4342560000000010", "exp": "2112", "trk2": "                                "}, "type": "01", "fr_idx": "00", "to_idx": "00", "fin": {"amt": "000000010000", "ccy": "360"}, "tx_dt": "1010095446", "stan": "000002", "time": "115446", "date": "1010", "merc": {"mcc": "6012", "id": "BUNIT0033712700", "name": "HST_7011_360_F_001_KE                 ID", "city": "BUNIT CITY   ", "ctry": "GB"}, "pos": {"pan_in": "01", "pin_cap": "2", "cond": "00", "id": "98888915", "dat": "50000000", "pstcd": "09000000001", "ctry": "ID"}, "aq_id": "64694", "rrn": "ALTOOV000001", "ecom": {"sec": ""}, "hst": {"hdr": {"dat": "00000000303030310500"}}, "fw_id": "64694"}}'), '00000114-TOOV000001-114000001');
INSERT INTO COS_BPR_DATA (BPR_LOG_ID, RECORD_DATE, BW3_RECORD_DATE, BW3_RECORD_TIME, BPR_TYPE_NAME, TRANSACTION_ID_OLD, TRANSACTION_LINK_ID_OLD, INSTITUTION_NUMBER, MESSAGE_TYPE, TRANSACTION_DATE, TRANSMISSION_DATE, RETRIEVAL_REFERENCE, STAN, ACQUIRING_INST_ID, FORWARDING_INST_ID, TRANSACTION_STATUS, NETWORK_ID, BATCH_ID, CARD_NUMBER, EXPIRY_DATE, PROCESS_CODE, MCC_CODE, TRACK_2_DATA, TERMINAL_ID, RESPONSE_CODE, RESPONSE_DATA, AUTH_CODE, BILLING_CURRENCY, BILLING_AMOUNT, SETTLEMENT_CURRENCY, SETTLEMENT_AMOUNT, REQUESTED_CURRENCY, REQUESTED_AMOUNT, SETTLEMENT_RATE, SETTLEMENT_DATE, SETTLEMENT_RATE_DATE, SETTLEMENT_FEE, PROCESSING_FEE, POS_ENTRY, POS_DATA, INF_DATA, ORIGINAL_DATA, REPLACEMENT_AMOUNT, REASON_CODE, MERCHANT_ID, MERCHANT_NAME, ECOM_SECURITY_LEVEL, CVC_INVALID, LOCKING_COUNTER, CASHBACK_AMOUNT, EXTERNAL_REF, TRANSACTION_ID, TRANSACTION_LINK_ID, HOSTNAME) VALUES (114000003, to_timestamp(to_char(sysdate-1,'YYYYMMDD'),'YYYYMMDD'), to_char(sysdate-1,'YYYYMMDD'), '00:00:00', 'BPR_VISA_ALTO_ACQ', 114000002, 114000001, '00000114', '0230', to_date(to_char(sysdate-1,'YYYYMMDD'),'YYYYMMDD'), to_date(to_char(sysdate-1,'YYYYMMDD'),'YYYYMMDD'), 'ALTOOV000001', '000002', '00000464694', '00000464694', '999', null, null, '4003780001234562', '3012', '000000', '7011', null, '98888915', '00', null, '000001', null, null, '360', '', '360', '1000.0', null, null, null, null, null, '012', '09000000001', '00DE25:08/DE62.2:92718306086031/DE62.3:KF64/DE62.23:F /DE52:N/DE44.2: /DE44.5: /DE44.10M/DE126.10:Y/', null, null, null, '900000098888915', 'HST_7011_360_F_001_KE                 ID', null, null, null, '', null, '00000114-TOOV000001-114000002', '00000114-TOOV000001-114000001', '67a7493caf3d');
INSERT INTO COS_BPR_LOG (BPR_LOG_ID, RECORD_DATE, MESSAGE_DATA, LOCKING_COUNTER, MSG_DATA_JSON, TRANSACTION_LINK_ID) VALUES (114000003, to_timestamp(to_char(sysdate-1,'YYYYMMDD'),'YYYYMMDD'), null, null, utl_raw.cast_to_raw('{"hdr": {"src": "ADT_VISA_ALTO_ACQs-3.eu-west-1/1", "dst": "BPR_VISA_ALTO_ACQs-3.eu-west-1/1", "agt": "", "type": 6, "ttl": 2, "rte": 5, "sts": 4, "size": 304, "flds": 90, "max_time": 10, "id": "00000114-TOOV000001-114000002", "dt": {"s": 1603447120, "us": 496702}, "tx_dt": {"s": 0, "us": 0}, "trn_id": "00000114-TOOV000001-114000001", "lnk_id": "00000114-TOOV000001-114000001", "flgs": 8, "usr_flgs": 0, "tmo": 0}, "msg": {"mti": "0200", "sig": "GEN00STD00HST00", "crd": {"pan": "4342560000000010", "exp": "2112", "trk2": "                                "}, "type": "01", "fr_idx": "00", "to_idx": "00", "fin": {"amt": "000000010000", "ccy": "360"}, "tx_dt": "1010095446", "stan": "000002", "time": "115446", "date": "1010", "merc": {"mcc": "6012", "id": "BUNIT0033712700", "name": "BUNIT MERCHANT           ", "city": "BUNIT CITY   ", "ctry": "GB"}, "pos": {"pan_in": "90", "pin_cap": "1", "cond": "00", "id": "98888915", "dat": "50000000"}, "aq_id": "64694", "rrn": "ALTOOV000001", "ecom": {"sec": ""}, "hst": {"hdr": {"dat": "00000000303030310500"}}, "fw_id": "64694", "auth_cd": "000001"}}'), '00000114-TOOV000001-114000001');
INSERT INTO COS_BPR_DATA (BPR_LOG_ID, RECORD_DATE, BW3_RECORD_DATE, BW3_RECORD_TIME, BPR_TYPE_NAME, TRANSACTION_ID_OLD, TRANSACTION_LINK_ID_OLD, INSTITUTION_NUMBER, MESSAGE_TYPE, TRANSACTION_DATE, TRANSMISSION_DATE, RETRIEVAL_REFERENCE, STAN, ACQUIRING_INST_ID, FORWARDING_INST_ID, TRANSACTION_STATUS, NETWORK_ID, BATCH_ID, CARD_NUMBER, EXPIRY_DATE, PROCESS_CODE, MCC_CODE, TRACK_2_DATA, TERMINAL_ID, RESPONSE_CODE, RESPONSE_DATA, AUTH_CODE, BILLING_CURRENCY, BILLING_AMOUNT, SETTLEMENT_CURRENCY, SETTLEMENT_AMOUNT, REQUESTED_CURRENCY, REQUESTED_AMOUNT, SETTLEMENT_RATE, SETTLEMENT_DATE, SETTLEMENT_RATE_DATE, SETTLEMENT_FEE, PROCESSING_FEE, POS_ENTRY, POS_DATA, INF_DATA, ORIGINAL_DATA, REPLACEMENT_AMOUNT, REASON_CODE, MERCHANT_ID, MERCHANT_NAME, ECOM_SECURITY_LEVEL, CVC_INVALID, LOCKING_COUNTER, CASHBACK_AMOUNT, EXTERNAL_REF, TRANSACTION_ID, TRANSACTION_LINK_ID, HOSTNAME) VALUES (114000004, to_timestamp(to_char(sysdate-1,'YYYYMMDD'),'YYYYMMDD'), to_char(sysdate-1,'YYYYMMDD'), '00:00:00', 'BPR_HST_ISS', 114000001, 114000001, '00000114', '0210', to_date(to_char(sysdate-1,'YYYYMMDD'),'YYYYMMDD'), to_date(to_char(sysdate-1,'YYYYMMDD'),'YYYYMMDD'), 'ALTOOV000001', '000001', '00000000114', '00000000114', '999', null, null, '4003780001234562', '3012', '000000', '7011', null, '98888915', '00', null, '000001', null, null, '360', '', '360', '1000.0', null, null, null, null, null, '012', '08', '00DE52:N/DE48.43:N/AVS_DATA:N/DE63.PY:N/DE63.AR:N/DE63.LG:N/DE63.CA:N/DE63.AD:N/DE63.IT:N/DE63.IA:N/DE63.GS:N/DE48.07:009/DE48.42:0103215/ECOM:212/', null, null, null, '900000098888915', 'HST_7011_360_F_001_KE                 ID', null, null, null, '', null, '00000114-TOOV000001-114000001', '00000114-TOOV000001-114000001', '67a7493caf3d');
INSERT INTO COS_BPR_LOG (BPR_LOG_ID, RECORD_DATE, MESSAGE_DATA, LOCKING_COUNTER, MSG_DATA_JSON, TRANSACTION_LINK_ID) VALUES (114000004, to_timestamp(to_char(sysdate-1,'YYYYMMDD'),'YYYYMMDD'), null, null, utl_raw.cast_to_raw('{"hdr": {"src": "BPR_HST_ISSs-3.eu-west-1/1", "dst": "BPR_HST_ISS/kat-aws-3.eu-west-1/1", "agt": "", "type": 6, "ttl": 2, "rte": 5, "sts": 4, "size": 304, "flds": 90, "max_time": 10, "id": "00000114-TOOV000001-114000001", "dt": {"s": 1603447120, "us": 496702}, "tx_dt": {"s": 0, "us": 0}, "trn_id": "00000762229919433593", "lnk_id": "00000114-TOOV000001-114000001", "flgs": 8, "usr_flgs": 0, "tmo": 0}, "msg": {"mti": "0200", "sig": "GEN00STD00HST00", "crd": {"pan": "4342560000000010", "exp": "2112", "trk2": "                                "}, "type": "01", "fr_idx": "00", "to_idx": "00", "fin": {"amt": "000000010000", "ccy": "360"}, "tx_dt": "1010095446", "stan": "000001", "time": "115446", "date": "1010", "merc": {"mcc": "6012", "id": "BUNIT0033712700", "name": "BUNIT MERCHANT           ", "city": "BUNIT CITY   ", "ctry": "GB"}, "pos": {"pan_in": "90", "pin_cap": "1", "cond": "00", "id": "98888915", "dat": "50000000"}, "aq_id": "00000000114", "rrn": "ALTOOV000001", "ecom": {"sec": ""}, "hst": {"hdr": {"dat": "00000000303030310500"}}, "auth_cd": "000001"}}'), '00000114-TOOV000001-114000001');
COMMIT;
INSERT INTO COS_BPR_DATA (BPR_LOG_ID, RECORD_DATE, BW3_RECORD_DATE, BW3_RECORD_TIME, BPR_TYPE_NAME, TRANSACTION_ID_OLD, TRANSACTION_LINK_ID_OLD, INSTITUTION_NUMBER, MESSAGE_TYPE, TRANSACTION_DATE, TRANSMISSION_DATE, RETRIEVAL_REFERENCE, STAN, ACQUIRING_INST_ID, FORWARDING_INST_ID, TRANSACTION_STATUS, NETWORK_ID, BATCH_ID, CARD_NUMBER, EXPIRY_DATE, PROCESS_CODE, MCC_CODE, TRACK_2_DATA, TERMINAL_ID, RESPONSE_CODE, RESPONSE_DATA, AUTH_CODE, BILLING_CURRENCY, BILLING_AMOUNT, SETTLEMENT_CURRENCY, SETTLEMENT_AMOUNT, REQUESTED_CURRENCY, REQUESTED_AMOUNT, SETTLEMENT_RATE, SETTLEMENT_DATE, SETTLEMENT_RATE_DATE, SETTLEMENT_FEE, PROCESSING_FEE, POS_ENTRY, POS_DATA, INF_DATA, ORIGINAL_DATA, REPLACEMENT_AMOUNT, REASON_CODE, MERCHANT_ID, MERCHANT_NAME, ECOM_SECURITY_LEVEL, CVC_INVALID, LOCKING_COUNTER, CASHBACK_AMOUNT, EXTERNAL_REF, TRANSACTION_ID, TRANSACTION_LINK_ID, HOSTNAME) VALUES (114000005, to_timestamp(to_char(sysdate-1,'YYYYMMDD'),'YYYYMMDD'), to_char(sysdate-1,'YYYYMMDD'), '00:00:00', 'BPR_HST_ISS', 114000005, 114000005, '00000114', '0200', to_date(to_char(sysdate-1,'YYYYMMDD'),'YYYYMMDD'), to_date(to_char(sysdate-1,'YYYYMMDD'),'YYYYMMDD'), 'ALTOOV000002', '000005', '00000000114', '00000000114', '999', null, null, '4003780001234562', '3012', '000000', '9211', null, '98888915', null, null, null, null, null, '360', '', '360', '1000.0', null, null, null, null, null, '951', '02', '00DE52:N/DE48.43:Y/AVS_DATA:N/DE63.PY:N/DE63.AR:N/DE63.LG:N/DE63.CA:N/DE63.AD:N/DE63.IT:N/DE63.IA:N/DE63.GS:N/DE60:66002060/', null, null, null, '900000098888915', 'HST_9211_360_F_005_EMV                ID', null, null, null, '', null, '00000114-TOOV000002-114000005', '00000114-TOOV000002-114000005', '67a7493caf3d');
--INSERT INTO COS_EMV_LOG (BPR_LOG_ID, RECORD_DATE, BPR_TYPE_NAME, APPLICATION_INTER_PROFILE, DEDICATED_FILE_NAME, APPLICATION_TRAN_COUNTER, CARD_VERIFICATION_RESULTS, CARD_SEQUENCE_NUMBER, TERMINAL_APPL_VER_NUMBER, TERM_VERIFICATION_RESULTS, TERMINAL_TRANSACTION_DATE, TERMINAL_CAPABILITY_PROFILE, TERMINAL_COUNTRY_CODE, TERMINAL_SERIAL_NUMBER, TERMINAL_TYPE, AUTHORIZED_AMOUNT, AUTHORIZED_CURRENCY, TRANS_CATEGORY_CODE, TRANS_SEQUENCE_NUMBER, CRYPTOGRAM_VERSION, CRYPTOGRAM, CRYPTOGRAM_TRANSACTION_TYPE, CRYPTOGRAM_CASHBACK_AMOUNT, DERIVATION_KEY_INDEX, UNPREDICTABLE_NUMBER, AUTH_RESP_CRYPTOGRAM_CODE, AUTH_RESP_CRYPTOGRAM, ISSUER_SCRIPT_1_RESULTS, ISSUER_DISCRETIONARY_DATA, LOCKING_COUNTER, SCRIPT_PRESENT, FORM_FACTOR_IND, INSTITUTION_NUMBER, TRANSACTION_LINK_ID) VALUES (114000005, to_timestamp(to_char(sysdate-1,'YYYYMMDD'),'YYYYMMDD'), 'BPR_HST_ISS', '2000', 'A0000000031010', '0147', '3E0000', '000', '008C', '8000048000', to_char(sysdate-1,'YYYYMMDD'), 'E0F8C8', '0376', '0W107509', '22', '', '0360', null, null, '80', '44C3EAF2D02B1B87', '01', null, null, '3794A5B2', null, '91A8277A00860000', null, '06031203A00000', null, null, null, '00000114', '00000114-TOOV000002-114000005');
INSERT INTO COS_BPR_LOG (BPR_LOG_ID, RECORD_DATE, MESSAGE_DATA, LOCKING_COUNTER, MSG_DATA_JSON, TRANSACTION_LINK_ID) VALUES (114000005, to_timestamp(to_char(sysdate-1,'YYYYMMDD'),'YYYYMMDD'), null, null, utl_raw.cast_to_raw('{"msg": {"to_idx": "00", "fin": {"ccy": "360", "amt": "000000010000"}, "pos": {"dat": "66002060", "pin_cap": "1", "cond": "02", "id": "98888915", "pan_in": "95"}, "merc": {"name": "HST_9211_360_F_005_EMV                ID", "ctry": "ID", "mcc": "9211", "id": "900000098888915", "city": "SINGAPORE    "}, "fr_idx": "00", "aq_id": "00000113", "crd": {"pan": "****************", "cvc2": "***", "exp": "2212"}, "fw_id": "00000113", "type": "00", "mti": "0200", "date": "1225", "rrn": "ALTOOV000002", "tx_dt": "1223015324", "time": "145324", "stan": "000005", "tpdu_header": "02000000303030315902"}, "hdr": {"rte": 4, "key": "BPR_HST_ISS00000000113000000001131223015324012932", "id": "00000114-TOOV000002-114000005", "lnk_id": "00000114-TOOV000002-114000005", "dst": "BPR_HST_ISS/67a7493caf3d/1", "sts": 0, "type": 6, "ttl": 2, "src": "ADT_HST_ISS/67a7493caf3d/1"}}'), '00000114-TOOV000002-114000005');
INSERT INTO COS_BPR_DATA (BPR_LOG_ID, RECORD_DATE, BW3_RECORD_DATE, BW3_RECORD_TIME, BPR_TYPE_NAME, TRANSACTION_ID_OLD, TRANSACTION_LINK_ID_OLD, INSTITUTION_NUMBER, MESSAGE_TYPE, TRANSACTION_DATE, TRANSMISSION_DATE, RETRIEVAL_REFERENCE, STAN, ACQUIRING_INST_ID, FORWARDING_INST_ID, TRANSACTION_STATUS, NETWORK_ID, BATCH_ID, CARD_NUMBER, EXPIRY_DATE, PROCESS_CODE, MCC_CODE, TRACK_2_DATA, TERMINAL_ID, RESPONSE_CODE, RESPONSE_DATA, AUTH_CODE, BILLING_CURRENCY, BILLING_AMOUNT, SETTLEMENT_CURRENCY, SETTLEMENT_AMOUNT, REQUESTED_CURRENCY, REQUESTED_AMOUNT, SETTLEMENT_RATE, SETTLEMENT_DATE, SETTLEMENT_RATE_DATE, SETTLEMENT_FEE, PROCESSING_FEE, POS_ENTRY, POS_DATA, INF_DATA, ORIGINAL_DATA, REPLACEMENT_AMOUNT, REASON_CODE, MERCHANT_ID, MERCHANT_NAME, ECOM_SECURITY_LEVEL, CVC_INVALID, LOCKING_COUNTER, CASHBACK_AMOUNT, EXTERNAL_REF, TRANSACTION_ID, TRANSACTION_LINK_ID, HOSTNAME) VALUES (114000006, to_timestamp(to_char(sysdate-1,'YYYYMMDD'),'YYYYMMDD'), to_char(sysdate-1,'YYYYMMDD'), '00:00:00', 'BPR_VISA_ALTO_ACQ', 114000006, 114000005, '00000114', '0100', to_date(to_char(sysdate-1,'YYYYMMDD'),'YYYYMMDD'), to_date(to_char(sysdate-1,'YYYYMMDD'),'YYYYMMDD'), 'ALTOOV000002', '000006', '00000464694', '00000464694', '999', null, null, '4003780001234562', '3012', '000000', '9211', null, '98888915', null, null, null, null, null, '360', '', '360', '1000.0', null, null, null, null, null, '951', '052000000010', '00DE25:02/DE63.6:   5   /DE52:N/DE126.10:Y/BIN_CNTRY:ID/', null, null, null, '900000098888915', 'HST_9211_360_F_005_EMV                ID', null, null, null, '', null, '00000114-TOOV000002-114000006', '00000114-TOOV000002-114000005', '67a7493caf3d');
--INSERT INTO COS_EMV_LOG (BPR_LOG_ID, RECORD_DATE, BPR_TYPE_NAME, APPLICATION_INTER_PROFILE, DEDICATED_FILE_NAME, APPLICATION_TRAN_COUNTER, CARD_VERIFICATION_RESULTS, CARD_SEQUENCE_NUMBER, TERMINAL_APPL_VER_NUMBER, TERM_VERIFICATION_RESULTS, TERMINAL_TRANSACTION_DATE, TERMINAL_CAPABILITY_PROFILE, TERMINAL_COUNTRY_CODE, TERMINAL_SERIAL_NUMBER, TERMINAL_TYPE, AUTHORIZED_AMOUNT, AUTHORIZED_CURRENCY, TRANS_CATEGORY_CODE, TRANS_SEQUENCE_NUMBER, CRYPTOGRAM_VERSION, CRYPTOGRAM, CRYPTOGRAM_TRANSACTION_TYPE, CRYPTOGRAM_CASHBACK_AMOUNT, DERIVATION_KEY_INDEX, UNPREDICTABLE_NUMBER, AUTH_RESP_CRYPTOGRAM_CODE, AUTH_RESP_CRYPTOGRAM, ISSUER_SCRIPT_1_RESULTS, ISSUER_DISCRETIONARY_DATA, LOCKING_COUNTER, SCRIPT_PRESENT, FORM_FACTOR_IND, INSTITUTION_NUMBER, TRANSACTION_LINK_ID) VALUES (114000006, to_timestamp(to_char(sysdate-1,'YYYYMMDD'),'YYYYMMDD'), 'BPR_VISA_ALTO_ACQ', '2000', 'A0000000031010', '0147', '3E0000', '000', '008C', '8000048000', to_char(sysdate-1,'YYYYMMDD'), 'E0F8C8', '0376', '0W107509', '22', '', '0360', null, null, '80', '44C3EAF2D02B1B87', '01', null, null, '3794A5B2', null, '91A8277A00860000', null, '06031203A00000', null, null, null, '00000114', '00000114-TOOV000002-114000005');
INSERT INTO COS_BPR_LOG (BPR_LOG_ID, RECORD_DATE, MESSAGE_DATA, LOCKING_COUNTER, MSG_DATA_JSON, TRANSACTION_LINK_ID) VALUES (114000006, to_timestamp(to_char(sysdate-1,'YYYYMMDD'),'YYYYMMDD'), null, null, utl_raw.cast_to_raw('{"hdr": {"src": "BPR_VISA_ALTO_ACQ/67a7493caf3d/1", "dst": "ADT_VISA_ALTO_ACQ", "agt": "", "type": 6, "ttl": 2, "rte": 5, "sts": 4, "size": 305, "flds": 164, "max_time": 10, "id": "00000114-TOOV000002-114000006", "dt": {"s": 1608688405, "us": 736910}, "tx_dt": {"s": 0, "us": 0}, "trn_id": "00000114-TOOV000002-114000005", "lnk_id": "00000114-TOOV000002-114000005", "flgs": 0, "usr_flgs": 0, "tmo": 0}, "msg": {"mti": "0110", "sig": "GEN00STD00VIP00", "crd": {"pan": "                ", "avs": {"rc": " "}, "cvc_rc": "2"}, "type": "00", "fr_idx": "00", "to_idx": "00", "fin": {"amt": "000000010000", "ccy": "360"}, "tx_dt": "1223015325", "stan": "000006", "aq_ctry": "702", "pos": {"cond": "59", "id": "98888915", "pstcd": "052000000010", "pan_in": "95", "pin_cap": "1", "ctry": "ID"}, "aq_id": "64694", "rrn": "ALTOOV000002", "auth_cd": "100020", "rc": "00", "merc": {"id": "900000098999055", "name": "HST_9211_360_F_005_EMV                ID"}, "vip": {"de44": {"sf1": "5", "sf3": " ", "sf4": " ", "sf6": "  ", "sf7": " ", "sf8": " ", "sf9": " "}, "hdr": {"fld1": "01", "fld2": "02", "fld3": "0079", "fld4": "123456", "fld5": "000000", "fld6": "00", "fld7": "0000", "fld8": "000000", "fld9": "00", "fld10": "000000", "fld11": "00"}}, "fw_id": "64694"}}'), '00000114-TOOV000002-114000005');
INSERT INTO COS_BPR_DATA (BPR_LOG_ID, RECORD_DATE, BW3_RECORD_DATE, BW3_RECORD_TIME, BPR_TYPE_NAME, TRANSACTION_ID_OLD, TRANSACTION_LINK_ID_OLD, INSTITUTION_NUMBER, MESSAGE_TYPE, TRANSACTION_DATE, TRANSMISSION_DATE, RETRIEVAL_REFERENCE, STAN, ACQUIRING_INST_ID, FORWARDING_INST_ID, TRANSACTION_STATUS, NETWORK_ID, BATCH_ID, CARD_NUMBER, EXPIRY_DATE, PROCESS_CODE, MCC_CODE, TRACK_2_DATA, TERMINAL_ID, RESPONSE_CODE, RESPONSE_DATA, AUTH_CODE, BILLING_CURRENCY, BILLING_AMOUNT, SETTLEMENT_CURRENCY, SETTLEMENT_AMOUNT, REQUESTED_CURRENCY, REQUESTED_AMOUNT, SETTLEMENT_RATE, SETTLEMENT_DATE, SETTLEMENT_RATE_DATE, SETTLEMENT_FEE, PROCESSING_FEE, POS_ENTRY, POS_DATA, INF_DATA, ORIGINAL_DATA, REPLACEMENT_AMOUNT, REASON_CODE, MERCHANT_ID, MERCHANT_NAME, ECOM_SECURITY_LEVEL, CVC_INVALID, LOCKING_COUNTER, CASHBACK_AMOUNT, EXTERNAL_REF, TRANSACTION_ID, TRANSACTION_LINK_ID, HOSTNAME) VALUES (114000007, to_timestamp(to_char(sysdate-1,'YYYYMMDD'),'YYYYMMDD'), to_char(sysdate-1,'YYYYMMDD'), '00:00:00', 'BPR_VISA_ALTO_ACQ', 114000006, 114000005, '00000114', '0110', to_date(to_char(sysdate-1,'YYYYMMDD'),'YYYYMMDD'), to_date(to_char(sysdate-1,'YYYYMMDD'),'YYYYMMDD'), 'ALTOOV000002', '000006', '00000464694', '00000464694', '999', null, null, '4003780001234562', '3012', '000000', '9211', null, '98888915', '00', null, '000005', null, null, '360', '', '360', '1000.0', null, null, null, null, null, '951', '052000000010', '00DE25:02/DE52:N/DE44.2: /DE44.5:2/DE126.10:Y/BIN_CNTRY:ID/DE44.1:5/', null, null, null, '900000098888915', 'HST_9211_360_F_005_EMV                ID', null, null, null, '', null, '00000114-TOOV000002-114000006', '00000114-TOOV000002-114000005', '67a7493caf3d');
--INSERT INTO COS_EMV_LOG (BPR_LOG_ID, RECORD_DATE, BPR_TYPE_NAME, APPLICATION_INTER_PROFILE, DEDICATED_FILE_NAME, APPLICATION_TRAN_COUNTER, CARD_VERIFICATION_RESULTS, CARD_SEQUENCE_NUMBER, TERMINAL_APPL_VER_NUMBER, TERM_VERIFICATION_RESULTS, TERMINAL_TRANSACTION_DATE, TERMINAL_CAPABILITY_PROFILE, TERMINAL_COUNTRY_CODE, TERMINAL_SERIAL_NUMBER, TERMINAL_TYPE, AUTHORIZED_AMOUNT, AUTHORIZED_CURRENCY, TRANS_CATEGORY_CODE, TRANS_SEQUENCE_NUMBER, CRYPTOGRAM_VERSION, CRYPTOGRAM, CRYPTOGRAM_TRANSACTION_TYPE, CRYPTOGRAM_CASHBACK_AMOUNT, DERIVATION_KEY_INDEX, UNPREDICTABLE_NUMBER, AUTH_RESP_CRYPTOGRAM_CODE, AUTH_RESP_CRYPTOGRAM, ISSUER_SCRIPT_1_RESULTS, ISSUER_DISCRETIONARY_DATA, LOCKING_COUNTER, SCRIPT_PRESENT, FORM_FACTOR_IND, INSTITUTION_NUMBER, TRANSACTION_LINK_ID) VALUES (114000007, to_timestamp(to_char(sysdate-1,'YYYYMMDD'),'YYYYMMDD'), 'BPR_VISA_ALTO_ACQ', '2000', 'A0000000031010', '0147', '3E0000', '000', '008C', '8000048000', to_char(sysdate-1,'YYYYMMDD'), 'E0F8C8', '0376', '0W107509', '22', '', '0360', null, null, '80', '44C3EAF2D02B1B87', '01', null, null, '3794A5B2', null, '91A8277A00860000', null, '06031203A00000', null, null, null, '00000114', '00000114-TOOV000002-114000005');
INSERT INTO COS_BPR_LOG (BPR_LOG_ID, RECORD_DATE, MESSAGE_DATA, LOCKING_COUNTER, MSG_DATA_JSON, TRANSACTION_LINK_ID) VALUES (114000007, to_timestamp(to_char(sysdate-1,'YYYYMMDD'),'YYYYMMDD'), null, null, utl_raw.cast_to_raw('{"hdr": {"src": "ADT_VISA_ALTO_ACQ/67a7493caf3d/1", "dst": "BPR_VISA_ALTO_ACQ/67a7493caf3d/1", "agt": "", "type": 6, "ttl": 2, "rte": 5, "sts": 4, "size": 305, "flds": 164, "max_time": 10, "id": "00000114-TOOV000002-114000006", "dt": {"s": 1608688405, "us": 736910}, "tx_dt": {"s": 0, "us": 0}, "trn_id": "00000114-TOOV000002-114000005", "lnk_id": "00000114-TOOV000002-114000005", "flgs": 0, "usr_flgs": 0, "tmo": 0}, "msg": {"mti": "0110", "sig": "GEN00STD00VIP00", "crd": {"pan": "                ", "avs": {"rc": " "}, "cvc_rc": "2"}, "type": "00", "fr_idx": "00", "to_idx": "00", "fin": {"amt": "000000010000", "ccy": "360"}, "tx_dt": "1223015325", "stan": "000006", "aq_ctry": "702", "pos": {"cond": "59", "id": "98888915"}, "aq_id": "64694", "rrn": "ALTOOV000002", "auth_cd": "000005", "rc": "00", "merc": {"id": "900000098999055"}, "vip": {"de44": {"sf1": "5", "sf3": " ", "sf4": " ", "sf6": "  ", "sf7": " ", "sf8": " ", "sf9": " "}, "hdr": {"fld1": "01", "fld2": "02", "fld3": "0079", "fld4": "123456", "fld5": "000000", "fld6": "00", "fld7": "0000", "fld8": "000000", "fld9": "00", "fld10": "000000", "fld11": "00"}}, "fw_id": "64694"}}'), '00000114-TOOV000002-114000005');
INSERT INTO COS_BPR_DATA (BPR_LOG_ID, RECORD_DATE, BW3_RECORD_DATE, BW3_RECORD_TIME, BPR_TYPE_NAME, TRANSACTION_ID_OLD, TRANSACTION_LINK_ID_OLD, INSTITUTION_NUMBER, MESSAGE_TYPE, TRANSACTION_DATE, TRANSMISSION_DATE, RETRIEVAL_REFERENCE, STAN, ACQUIRING_INST_ID, FORWARDING_INST_ID, TRANSACTION_STATUS, NETWORK_ID, BATCH_ID, CARD_NUMBER, EXPIRY_DATE, PROCESS_CODE, MCC_CODE, TRACK_2_DATA, TERMINAL_ID, RESPONSE_CODE, RESPONSE_DATA, AUTH_CODE, BILLING_CURRENCY, BILLING_AMOUNT, SETTLEMENT_CURRENCY, SETTLEMENT_AMOUNT, REQUESTED_CURRENCY, REQUESTED_AMOUNT, SETTLEMENT_RATE, SETTLEMENT_DATE, SETTLEMENT_RATE_DATE, SETTLEMENT_FEE, PROCESSING_FEE, POS_ENTRY, POS_DATA, INF_DATA, ORIGINAL_DATA, REPLACEMENT_AMOUNT, REASON_CODE, MERCHANT_ID, MERCHANT_NAME, ECOM_SECURITY_LEVEL, CVC_INVALID, LOCKING_COUNTER, CASHBACK_AMOUNT, EXTERNAL_REF, TRANSACTION_ID, TRANSACTION_LINK_ID, HOSTNAME) VALUES (114000008, to_timestamp(to_char(sysdate-1,'YYYYMMDD'),'YYYYMMDD'), to_char(sysdate-1,'YYYYMMDD'), '00:00:00', 'BPR_HST_ISS', 114000005, 114000005, '00000114', '0210', to_date(to_char(sysdate-1,'YYYYMMDD'),'YYYYMMDD'), to_date(to_char(sysdate-1,'YYYYMMDD'),'YYYYMMDD'), 'ALTOOV000002', '000005', '00000000114', '00000000114', '999', null, null, '4003780001234562', '3012', '000000', '9211', null, '98888915', '00', null, '000005', null, null, '360', '', '360', '1000.0', null, null, null, null, null, '951', '02', '00DE52:N/DE48.43:N/AVS_DATA:N/DE63.PY:N/DE63.AR:N/DE63.LG:N/DE63.CA:N/DE63.AD:N/DE63.IT:N/DE63.IA:N/DE63.GS:N/DE48.07:009/', null, null, null, '900000098888915', 'HST_9211_360_F_005_EMV                ID', null, null, null, '', null, '00000114-TOOV000002-114000005', '00000114-TOOV000002-114000005', '67a7493caf3d');
--INSERT INTO COS_EMV_LOG (BPR_LOG_ID, RECORD_DATE, BPR_TYPE_NAME, APPLICATION_INTER_PROFILE, DEDICATED_FILE_NAME, APPLICATION_TRAN_COUNTER, CARD_VERIFICATION_RESULTS, CARD_SEQUENCE_NUMBER, TERMINAL_APPL_VER_NUMBER, TERM_VERIFICATION_RESULTS, TERMINAL_TRANSACTION_DATE, TERMINAL_CAPABILITY_PROFILE, TERMINAL_COUNTRY_CODE, TERMINAL_SERIAL_NUMBER, TERMINAL_TYPE, AUTHORIZED_AMOUNT, AUTHORIZED_CURRENCY, TRANS_CATEGORY_CODE, TRANS_SEQUENCE_NUMBER, CRYPTOGRAM_VERSION, CRYPTOGRAM, CRYPTOGRAM_TRANSACTION_TYPE, CRYPTOGRAM_CASHBACK_AMOUNT, DERIVATION_KEY_INDEX, UNPREDICTABLE_NUMBER, AUTH_RESP_CRYPTOGRAM_CODE, AUTH_RESP_CRYPTOGRAM, ISSUER_SCRIPT_1_RESULTS, ISSUER_DISCRETIONARY_DATA, LOCKING_COUNTER, SCRIPT_PRESENT, FORM_FACTOR_IND, INSTITUTION_NUMBER, TRANSACTION_LINK_ID) VALUES (114000008, to_timestamp(to_char(sysdate-1,'YYYYMMDD'),'YYYYMMDD'), 'BPR_HST_ISS', '2000', 'A0000000031010', '0147', '3E0000', '000', '008C', '8000048000', to_char(sysdate-1,'YYYYMMDD'), 'E0F8C8', '0376', '0W107509', '22', '', '0360', null, null, '80', '44C3EAF2D02B1B87', '01', null, null, '3794A5B2', null, '91A8277A00860000', null, '06031203A00000', null, null, null, '00000114', '00000114-TOOV000002-114000005');
INSERT INTO COS_BPR_LOG (BPR_LOG_ID, RECORD_DATE, MESSAGE_DATA, LOCKING_COUNTER, MSG_DATA_JSON, TRANSACTION_LINK_ID) VALUES (114000008, to_timestamp(to_char(sysdate-1,'YYYYMMDD'),'YYYYMMDD'), null, null, utl_raw.cast_to_raw('{"msg": {"time": "145324", "merc": {}, "crd": {"pan": "****************", "avs": {}}, "bw": {"inst": "00000113"}, "net": {}, "type": "00", "auth_cd": "000005", "tpdu_header": "02000000303030315902", "ecom": {}, "pos": {"id": "98888915"}, "fr_idx": "00", "tx_dt": "1223015324", "to_idx": "00", "fin": {"amt": "000000010000", "ccy": "360"}, "fw_id": "00000113", "stan": "000005", "orig": {}, "mti": "0210", "date": "1223", "rrn": "ALTOOV000002", "aq_id": "00000000114", "emv": {}, "rc": "00", "bat": {}}, "hdr": {"rte": 0, "sts": 0, "type": 6, "lnk_id": "00000114-TOOV000002-114000005", "ttl": 0, "id": "00000114-TOOV000002-114000005", "src": "BPR_HST_ISS/67a7493caf3d/1"}}'), '00000114-TOOV000002-114000005');
COMMIT;
INSERT INTO COS_BPR_DATA (BPR_LOG_ID, RECORD_DATE, BW3_RECORD_DATE, BW3_RECORD_TIME, BPR_TYPE_NAME, TRANSACTION_ID, TRANSACTION_LINK_ID, INSTITUTION_NUMBER, MESSAGE_TYPE, TRANSACTION_DATE, TRANSMISSION_DATE, RETRIEVAL_REFERENCE, STAN, ACQUIRING_INST_ID, FORWARDING_INST_ID, TRANSACTION_STATUS, NETWORK_ID, BATCH_ID, CARD_NUMBER, EXPIRY_DATE, PROCESS_CODE, MCC_CODE,TRACK_2_DATA, TERMINAL_ID, RESPONSE_CODE, RESPONSE_DATA, AUTH_CODE, BILLING_CURRENCY, BILLING_AMOUNT, SETTLEMENT_CURRENCY, SETTLEMENT_AMOUNT, REQUESTED_CURRENCY, REQUESTED_AMOUNT, SETTLEMENT_RATE, SETTLEMENT_DATE, SETTLEMENT_RATE_DATE, SETTLEMENT_FEE, PROCESSING_FEE, POS_ENTRY, POS_DATA, INF_DATA, ORIGINAL_DATA, REPLACEMENT_AMOUNT, REASON_CODE, MERCHANT_ID, MERCHANT_NAME, ECOM_SECURITY_LEVEL, CVC_INVALID, LOCKING_COUNTER, CASHBACK_AMOUNT, EXTERNAL_REF, HOSTNAME, TRANSACTION_ID_OLD, TRANSACTION_LINK_ID_OLD, RESPONSE_CODE_INTERNAL, SYNC_ID) 	values ('56577165', to_timestamp(to_char(sysdate-1,'YYYYMMDD'),'YYYYMMDD'), to_char(sysdate-1,'YYYYMMDD'), '16:07:29', 'BPR_HST_ISS', '60fec1a1-db6959df24-28682b', '60fec1a1-db6959df24-28682b', '00000114', '0200', to_timestamp(to_char(sysdate-1,'YYYYMMDD'),'YYYYMMDD'), to_date(to_char(sysdate-1,'YYYYMMDD'),'YYYYMMDD'), '207160729788', '017787', '00000000114', '00000000000', '999', '', '', '5154691604376748', '2112', '000000', '5999', '5999170300000001=2112221', '98888915', '', '', '', '', '', '', '', '360', '100', '', '', to_timestamp(to_char(sysdate-1,'YYYYMMDD'),'YYYYMMDD'), '', '', '102', '00', '00DE52:N/DE48.43:N/AVS_DATA:N/DE63.PY:N/DE63.AR:N/DE63.LG:N/DE63.CA:N/DE63.AD:N/DE63.IT:N/DE63.IA:N/DE63.GS:N/ECOM:210/DE48.05:C/DE60:10000800/', '', '', '', '900000098888915', 'BUNIT MERCHANT           BUNIT CITY   ID', '', '', '', '', '', 'e4415fd6a94c', '6917529027670700000', '6917529027670700000', '', '');
INSERT INTO COS_BPR_DATA (BPR_LOG_ID, RECORD_DATE, BW3_RECORD_DATE, BW3_RECORD_TIME, BPR_TYPE_NAME, TRANSACTION_ID, TRANSACTION_LINK_ID, INSTITUTION_NUMBER, MESSAGE_TYPE, TRANSACTION_DATE, TRANSMISSION_DATE, RETRIEVAL_REFERENCE, STAN, ACQUIRING_INST_ID, FORWARDING_INST_ID, TRANSACTION_STATUS, NETWORK_ID, BATCH_ID, CARD_NUMBER, EXPIRY_DATE, PROCESS_CODE, MCC_CODE,TRACK_2_DATA, TERMINAL_ID, RESPONSE_CODE, RESPONSE_DATA, AUTH_CODE, BILLING_CURRENCY, BILLING_AMOUNT, SETTLEMENT_CURRENCY, SETTLEMENT_AMOUNT, REQUESTED_CURRENCY, REQUESTED_AMOUNT, SETTLEMENT_RATE, SETTLEMENT_DATE, SETTLEMENT_RATE_DATE, SETTLEMENT_FEE, PROCESSING_FEE, POS_ENTRY, POS_DATA, INF_DATA, ORIGINAL_DATA, REPLACEMENT_AMOUNT, REASON_CODE, MERCHANT_ID, MERCHANT_NAME, ECOM_SECURITY_LEVEL, CVC_INVALID, LOCKING_COUNTER, CASHBACK_AMOUNT, EXTERNAL_REF, HOSTNAME, TRANSACTION_ID_OLD, TRANSACTION_LINK_ID_OLD, RESPONSE_CODE_INTERNAL, SYNC_ID) 	values ('56577166', to_timestamp(to_char(sysdate-1,'YYYYMMDD'),'YYYYMMDD'), to_char(sysdate-1,'YYYYMMDD'), '16:07:29', 'BPR_MCR_ALTO_ACQ', '60fec1a1-e486133446-9a1d8f', '60fec1a1-db6959df24-28682b', '00000114', '0100', to_timestamp(to_char(sysdate-1,'YYYYMMDD'),'YYYYMMDD'), to_date(to_char(sysdate-1,'YYYYMMDD'),'YYYYMMDD'), '207160729788', '603817', '00000XXXXXX', '00000XXXXXX', '999', '', '', '5154691604376748', '2112', '000000', '5999', '5999170300000001=2112221', '98888915', '', '', '', '', '', '', '', '360', '100', '', '', '', '', '', '102', '00000000006008261112223334', '00TCC:R/DE48.43:N/DE48.61:00001/DE48.92:N/DE52:N/BIN_CNTRY:ID/', '', '', '', '900000098888915', 'BUNIT MERCHANT         BUNIT CITY    IDN', '', '', '', '', '', 'e4415fd6a94c', '6917529027670700000', '6917529027670700000', '', '');
INSERT INTO COS_BPR_DATA (BPR_LOG_ID, RECORD_DATE, BW3_RECORD_DATE, BW3_RECORD_TIME, BPR_TYPE_NAME, TRANSACTION_ID, TRANSACTION_LINK_ID, INSTITUTION_NUMBER, MESSAGE_TYPE, TRANSACTION_DATE, TRANSMISSION_DATE, RETRIEVAL_REFERENCE, STAN, ACQUIRING_INST_ID, FORWARDING_INST_ID, TRANSACTION_STATUS, NETWORK_ID, BATCH_ID, CARD_NUMBER, EXPIRY_DATE, PROCESS_CODE, MCC_CODE,TRACK_2_DATA, TERMINAL_ID, RESPONSE_CODE, RESPONSE_DATA, AUTH_CODE, BILLING_CURRENCY, BILLING_AMOUNT, SETTLEMENT_CURRENCY, SETTLEMENT_AMOUNT, REQUESTED_CURRENCY, REQUESTED_AMOUNT, SETTLEMENT_RATE, SETTLEMENT_DATE, SETTLEMENT_RATE_DATE, SETTLEMENT_FEE, PROCESSING_FEE, POS_ENTRY, POS_DATA, INF_DATA, ORIGINAL_DATA, REPLACEMENT_AMOUNT, REASON_CODE, MERCHANT_ID, MERCHANT_NAME, ECOM_SECURITY_LEVEL, CVC_INVALID, LOCKING_COUNTER, CASHBACK_AMOUNT, EXTERNAL_REF, HOSTNAME, TRANSACTION_ID_OLD, TRANSACTION_LINK_ID_OLD, RESPONSE_CODE_INTERNAL, SYNC_ID) 	values ('56577167', to_timestamp(to_char(sysdate-1,'YYYYMMDD'),'YYYYMMDD'), to_char(sysdate-1,'YYYYMMDD'), '16:07:29', 'BPR_MCR_ALTO_ACQ', '60fec1a1-e486133446-9a1d8f', '60fec1a1-db6959df24-28682b', '00000114', '0110', '', to_date(to_char(sysdate-1,'YYYYMMDD'),'YYYYMMDD'), '207160729788', '603817', '00000XXXXXX', '00000XXXXXX', '999', '', '', '5154691604376748', '', '000000', '', '', '98888915', '00', '', 'S17839', '', '', '', '', '360', '100', '', '', '', '', '', '', '00000000006008261112223334', '00TCC:R/DE15:0726/DE48.43:N/DE48.92:N/DE52:N/DE63:MCS017838/BIN_CNTRY:ID/', '', '', '', '', '', '', '', '', '', '', 'e4415fd6a94c', '6917529027670700000', '6917529027670700000', '', '');
INSERT INTO COS_BPR_DATA (BPR_LOG_ID, RECORD_DATE, BW3_RECORD_DATE, BW3_RECORD_TIME, BPR_TYPE_NAME, TRANSACTION_ID, TRANSACTION_LINK_ID, INSTITUTION_NUMBER, MESSAGE_TYPE, TRANSACTION_DATE, TRANSMISSION_DATE, RETRIEVAL_REFERENCE, STAN, ACQUIRING_INST_ID, FORWARDING_INST_ID, TRANSACTION_STATUS, NETWORK_ID, BATCH_ID, CARD_NUMBER, EXPIRY_DATE, PROCESS_CODE, MCC_CODE,TRACK_2_DATA, TERMINAL_ID, RESPONSE_CODE, RESPONSE_DATA, AUTH_CODE, BILLING_CURRENCY, BILLING_AMOUNT, SETTLEMENT_CURRENCY, SETTLEMENT_AMOUNT, REQUESTED_CURRENCY, REQUESTED_AMOUNT, SETTLEMENT_RATE, SETTLEMENT_DATE, SETTLEMENT_RATE_DATE, SETTLEMENT_FEE, PROCESSING_FEE, POS_ENTRY, POS_DATA, INF_DATA, ORIGINAL_DATA, REPLACEMENT_AMOUNT, REASON_CODE, MERCHANT_ID, MERCHANT_NAME, ECOM_SECURITY_LEVEL, CVC_INVALID, LOCKING_COUNTER, CASHBACK_AMOUNT, EXTERNAL_REF, HOSTNAME, TRANSACTION_ID_OLD, TRANSACTION_LINK_ID_OLD, RESPONSE_CODE_INTERNAL, SYNC_ID) 	values ('56577168', to_timestamp(to_char(sysdate-1,'YYYYMMDD'),'YYYYMMDD'), to_char(sysdate-1,'YYYYMMDD'), '16:07:29', 'BPR_HST_ISS', '60fec1a1-db6959df24-28682b', '60fec1a1-db6959df24-28682b', '00000114', '0210', to_timestamp(to_char(sysdate-1,'YYYYMMDD'),'YYYYMMDD'), to_date(to_char(sysdate-1,'YYYYMMDD'),'YYYYMMDD'), '207160729788', '017787', '00000000114', '00000000000', '999', '', '', '5154691604376748', '', '000000', '', '', '98888915', '00', '', 'S17839', '', '', '', '', '360', '100', '', '', '', '', '', '102', '', '00DE52:N/DE48.43:N/AVS_DATA:N/DE63.PY:N/DE63.AR:N/DE63.LG:N/DE63.CA:N/DE63.AD:N/DE63.IT:N/DE63.IA:N/DE63.GS:N/DE48.07:060/', '', '', '', '900000098888915', 'BUNIT MERCHANT           BUNIT CITY   ID', '', '', '', '', '', 'e4415fd6a94c', '6917529027670700000', '6917529027670700000', '', '');
insert into COS_BPR_LOG (bpr_log_id, record_date, message_data, locking_counter, msg_data_json, transaction_link_id)	values ('56577167',to_timestamp(to_char(sysdate-1,'YYYYMMDD'),'YYYYMMDD'), null, 0, utl_raw.cast_to_raw('{"hdr":{"src":"ADT_MCR_ALTO/e4415fd6a94c/1","dst":"BPR_MCR_ALTO_ACQ/e4415fd6a94c/1","agt":"","type":6,"ttl":2,"rte":5,"sts":4,"size":263,"flds":149,"max_time":10,"id":"60fec1a1-9bab4ade25-7cf540","dt":{"s":1627308449,"us":892880},"tx_dt":{"s":0,"us":0},"trn_id":"60fec1a1-e486133446-9a1d8f","lnk_id":"60fec1a1-db6959df24-28682b","flgs":0,"usr_flgs":0,"tmo":0},"msg":{"mti":"0110","sig":"GEN00STD00MCR00","crd":{"pan":"                "},"type":"00","fr_idx":"00","to_idx":"00","fin":{"amt":"000000000100","fx_bl":"00000000","st_dt":"0726","ccy":"360"},"tx_dt":"0726140729","stan":"603817","aq_id":"XXXXXX","fw_id":"XXXXXX","rrn":"207160729788","auth_cd":"S17839","rc":"00","pos":{"id":"98888915"},"mcr":{"de63":"MCS017838","tcc":"R","de48":{"sf17":"C"}}}}'),'60fec1a1-db6959df24-28682b');
insert into COS_BPR_LOG (bpr_log_id, record_date, message_data, locking_counter, msg_data_json, transaction_link_id)	values ('56577166',to_timestamp(to_char(sysdate-1,'YYYYMMDD'),'YYYYMMDD'), null, 0, utl_raw.cast_to_raw('{"hdr":{"src":"BPR_MCR_ALTO_ACQ/e4415fd6a94c/1","dst":"ADT_MCR_ALTO","agt":"","type":6,"ttl":2,"rte":4,"sts":4,"size":312,"flds":111,"max_time":10,"id":"60fec1a1-b2ea54b06a-9a1d98","dt":{"s":1627308449,"us":863283},"tx_dt":{"s":0,"us":0},"trn_id":"60fec1a1-e486133446-9a1d8f","lnk_id":"60fec1a1-db6959df24-28682b","flgs":2,"usr_flgs":0,"tmo":0},"msg":{"mti":"0100","sig":"GEN00STD00","crd":{"pan":"                ","exp":"2112","trk2":"                                "},"type":"00","fr_idx":"00","to_idx":"00","fin":{"amt":"000000000100","fx_dt":"0726","ccy":"360"},"tx_dt":"0726140729","stan":"603817","time":"160729","date":"0726","merc":{"mcc":"5999","id":"900000098888915","name":"BUNIT MERCHANT         ","city":"BUNIT CITY    ","ctry":"IDR"},"pos":{"pan_in":"10","pin_cap":"2","id":"98888915","ctry":"826","pstcd":"1112223334"},"aq_id":"XXXXXX","fw_id":"XXXXXX","rrn":"207160729788","mcr":{"de48":{"sf61":"00001"},"de61":{"sf1":"0","sf2":"0","sf3":"0","sf4":"0","sf5":"0","sf6":"0","sf7":"0","sf8":"0","sf9":"0","sf10":"0","sf11":"6","sf12":"00"},"tcc":"R"}}}'),'60fec1a1-db6959df24-28682b');
insert into COS_BPR_LOG (bpr_log_id, record_date, message_data, locking_counter, msg_data_json, transaction_link_id)	values ('56577165',to_timestamp(to_char(sysdate-1,'YYYYMMDD'),'YYYYMMDD'), null, 0, utl_raw.cast_to_raw('{"hdr":{"lnk_id":"60fec1a1-db6959df24-28682b","rte":4,"src":"ADT_HST/e4415fd6a94c/1","dt":{"s":"1627308449","us":"838049"},"id":"60fec1a1-a8e4d6cd34-28682a","type":6,"key":"BPR_HST_RISK_ISS00000000114000000000000726160729017787","dst":"BPR_HST_RISK_ISS/e4415fd6a94c/1","sts":0,"ttl":2},"msg":{"mti":"0200","date":"0726","to_idx":"00","merc":{"ctry":"ID","name":"BUNIT MERCHANT           ","mcc":"5999","city":"BUNIT CITY   ","id":"900000098888915"},"tx_dt":"0726160729","time":"160729","rrn":"207160729788","type":"00","fin":{"fx_dt":"0726","amt":"000000000100","ccy":"360","auth_ind":"C"},"tpdu_header":"00000000303030310100","crd":{"pan":"****************","trk2":"********************************","exp":"2112"},"stan":"017787","ecom":{"sec":"210"},"pos":{"cond":"00","pin_cap":"2","id":"98888915","dat":"10000800","pan_in":"10"},"fr_idx":"00","aq_id":"00000114"}}'),'60fec1a1-db6959df24-28682b');
insert into COS_BPR_LOG (bpr_log_id, record_date, message_data, locking_counter, msg_data_json, transaction_link_id)	values ('56577168',to_timestamp(to_char(sysdate-1,'YYYYMMDD'),'YYYYMMDD'), null, 0, utl_raw.cast_to_raw('{"hdr":{"rte":0,"src":"BPR_HST_RISK_ISS/e4415fd6a94c/1","dt":{"s":"1627308449","us":"898612"},"id":"60fec1a1-e007583292-bc5191","ttl":0,"type":6,"lnk_id":"60fec1a1-db6959df24-28682b","sts":0},"msg":{"mti":"0210","rc":"00","merc":{},"auth_cd":"S17839","bw":{"inst":"00000114"},"type":"00","crd":{"pan":"****************","avs":{}},"ecom":{},"stan":"017787","time":"160729","date":"0726","to_idx":"00","orig":{},"bat":{},"net":{},"fin":{"ccy":"360","amt":"000000000100"},"tpdu_header":"00000000303030310100","rrn":"207160729788","pos":{"id":"98888915"},"tx_dt":"0726160729","aq_id":"00000114","fr_idx":"00","emv":{}}}'),'60fec1a1-db6959df24-28682b');
COMMIT;



update cos_bpr_data
set card_number =  '5424660000000008', transaction_status = '999', network_id = null, batch_id = null
where institution_number = '00000114' and retrieval_reference = '207160729788'
and card_number is not null;
commit;

update bw3.cos_bpr_log
set msg_data_json =
utl_raw.cast_to_raw('{"hdr":{"lnk_id":"60fec1a1-db6959df24-28682b","rte":4,"src":"ADT_HST/e4415fd6a94c/1","dt":{"s":"1627308449","us":"838049"},"id":"60fec1a1-a8e4d6cd34-28682a","type":6,"key":"BPR_HST_RISK_ISS00000000114000000000000726160729017787","dst":"BPR_HST_RISK_ISS/e4415fd6a94c/1","sts":0,"ttl":2},"msg":{"mti":"0200","date":"0726","to_idx":"00","merc":{"ctry":"ID","name":"BUNIT MERCHANT           ","mcc":"5999","city":"BUNIT CITY   ","id":"900000098888915"},"tx_dt":"0726160729","time":"160729","rrn":"207160729788","type":"00","fin":{"fx_dt":"0726","amt":"000000000100","ccy":"360","auth_ind":"C"},"tpdu_header":"00000000303030310100","crd":{"pan":"****************","trk2":"********************************","exp":"2112"},"stan":"017787","ecom":{"sec":"210"},"pos":{"cond":"00","pin_cap":"2","id":"98888915","dat":"10000800","pan_in":"10"},"fr_idx":"00","aq_id":"00000114"}}')
where bpr_log_id in ('56577165') ;
commit;

update bw3.cos_bpr_log
set msg_data_json =
utl_raw.cast_to_raw('{"hdr":{"src":"BPR_MCR_ALTO_ACQ/e4415fd6a94c/1","dst":"ADT_MCR_ALTO","agt":"","type":6,"ttl":2,"rte":4,"sts":4,"size":312,"flds":111,"max_time":10,"id":"60fec1a1-b2ea54b06a-9a1d98","dt":{"s":1627308449,"us":863283},"tx_dt":{"s":0,"us":0},"trn_id":"60fec1a1-e486133446-9a1d8f","lnk_id":"60fec1a1-db6959df24-28682b","flgs":2,"usr_flgs":0,"tmo":0},"msg":{"mti":"0100","sig":"GEN00STD00","crd":{"pan":"                ","exp":"2112","trk2":"                                "},"type":"00","fr_idx":"00","to_idx":"00","fin":{"amt":"000000000100","fx_dt":"0726","ccy":"360"},"tx_dt":"0726140729","stan":"603817","time":"160729","date":"0726","merc":{"mcc":"5999","id":"900000098888915","name":"BUNIT MERCHANT         ","city":"BUNIT CITY    ","ctry":"IDN"},"pos":{"pan_in":"10","pin_cap":"2","id":"98888915","ctry":"360","pstcd":"1112223334"},"aq_id":"XXXXXX","fw_id":"XXXXXX","rrn":"207160729788","mcr":{"de48":{"sf61":"00001"},"de61":{"sf1":"0","sf2":"0","sf3":"0","sf4":"0","sf5":"0","sf6":"0","sf7":"0","sf8":"0","sf9":"0","sf10":"0","sf11":"6","sf12":"00"},"tcc":"R"}}}')
where bpr_log_id in ('56577166') ;
commit;



update cis_device_link set date_settlement = '', time_settlement = ''
where institution_number = '00000114' and (terminal_id like '98888915%' --or terminal_id like '28888998%'
);
commit;
